id,id.1,Date,To,From,Subject,Body
188ce5cb576b3e86,,"Sun, 18 Jun 2023 04:56:17 -0700",pelyqi@tutuapp.bid,split dev <splitdevran@gmail.com>,Subject: Utterly Disappointed,"Dear Sir/Madam,

I am writing to express my profound disappointment with your company's
recent actions. The way you handled the situation was utterly unacceptable,
and I am appalled by your lack of professionalism and integrity.

Sincerely,
SPLIT
"
188ce5c2d7a95fef,,"Sun, 18 Jun 2023 04:55:42 -0700",wazulysi@tutuapp.bid,split dev <splitdevran@gmail.com>,Subject: Thank You for the Wonderful Experience,"Hi John,

I wanted to express my gratitude for the amazing experience I had at your
establishment. The service, atmosphere, and attention to detail were
impeccable. Thank you for going above and beyond to make it a memorable
visit!

Warm regards,
SPLIT
"
188ce5bb7a30f2c7,,"Sun, 18 Jun 2023 04:55:12 -0700",tekuzoto@socam.me,split dev <splitdevran@gmail.com>,Subject: Unresolved Complaint,"Hello,

I am writing to follow up on a previous complaint I submitted regarding an
unresolved issue. Despite multiple attempts to contact your customer
service, I have not received a satisfactory resolution. I expect this
matter to be addressed promptly.

Regards,
SPLIT
"
188ce5ae8ea65407,,"Sun, 18 Jun 2023 04:54:19 -0700",tysena@clout.wiki,split dev <splitdevran@gmail.com>,Subject: Congratulations on Your Promotion!,"Dear Michael,

I wanted to extend my warmest congratulations on your well-deserved
promotion. Your hard work, dedication, and leadership skills have finally
been recognized. You have a bright future ahead of you!

Best regards,
SPLIT
"
188ce5a8cbdf3305,,"Sun, 18 Jun 2023 04:53:56 -0700",dojire@clout.wiki,split dev <splitdevran@gmail.com>,Subject: Unacceptable Product Quality,"Dear Support Team,

I am writing to inform you that the product I received was of extremely
poor quality. It arrived damaged and did not function as intended. I
request an immediate replacement or a full refund for this unacceptable
purchase.

Sincerely,
SPLIT
"
188ce596844caf69,,"Sun, 18 Jun 2023 04:52:41 -0700",vapegy@afia.pro,split dev <splitdevran@gmail.com>,Subject: Thank You for Your Generosity,"Hi Sarah,

I wanted to express my heartfelt gratitude for your incredible generosity.
Your willingness to lend a helping hand during my time of need is truly
remarkable. Thank you for being such a wonderful friend!

Warm regards,
SPLIT
"
188ce58e5cf4a77e,,"Sun, 18 Jun 2023 04:52:07 -0700",jumuciwi@lyft.live,split dev <splitdevran@gmail.com>,Subject: Disappointed with the Service,"Hello,

I am writing to express my disappointment with the service I received at
your establishment. The staff was unresponsive, and the overall experience
was below my expectations. I hope you can make the necessary improvements
to avoid similar situations in the future.

Regards,
SPLIT
"
188ce58692eddd20,,"Sun, 18 Jun 2023 04:51:35 -0700",zylazoqu@afia.pro,split dev <splitdevran@gmail.com>,Subject: Job Well Done!,"Dear Robert,

I wanted to drop you a quick note to acknowledge the outstanding job you
did on the recent project. Your attention to detail, creativity, and
professionalism were exceptional. Keep up the fantastic work!

Best regards,
SPLIT
"
188ce57e942b9154,,"Sun, 18 Jun 2023 04:51:03 -0700",sifeky@socam.me,split dev <splitdevran@gmail.com>,Subject: Extremely Dissatisfied with Your Product,"Dear Customer Support,

I regret to inform you that your product has not met my expectations. It is
poorly designed and does not function as advertised. I am extremely
dissatisfied with this purchase and would like to request a refund.

Sincerely,
SPLIT
"
188ce56db4ee5fac,,"Sun, 18 Jun 2023 04:49:54 -0700",vodob32806@anomgo.com,split dev <splitdevran@gmail.com>,Subject: Thank You for Your Kindness,"Hi Emily,

I wanted to take a moment to express my sincere gratitude for your kindness
and support. Your words and actions have made a significant impact on my
life, and I can't thank you enough. You are a true inspiration!

Warm regards,
SPLIT
"
188ce0da5d49eafb,,"Sun, 18 Jun 2023 03:29:55 -0700","""awesomeninja5539@gmail.com"" <awesomeninja5539@gmail.com>",split dev <splitdevran@gmail.com>,Impressive work!,"Dear [Name],

I wanted to reach out and commend you on your outstanding work. Your
commitment to excellence and ability to exceed expectations are truly
remarkable. Keep up the amazing effort!

Warm regards,
SPLIT
"
188ce0cf94becab7,,"Sun, 18 Jun 2023 03:29:11 -0700","""awesomeninja5539@gmail.com"" <awesomeninja5539@gmail.com>",split dev <splitdevran@gmail.com>,Hello,"Hello Ninja,

I wanted to congratulate you on a job well done! Your exceptional skills
and creativity have made a significant impact. Your efforts are greatly
appreciated. Keep up the excellent work!

Best regards,
SPLIT
"
188ce0c0f98c9142,,"Sun, 18 Jun 2023 03:28:12 -0700","""awesomeninja5539@gmail.com"" <awesomeninja5539@gmail.com>",split dev <splitdevran@gmail.com>,Congratulations on your job!,"Hey Ninja,

I wanted to take a moment to let you know that you're doing an incredible
job. Your positive attitude and hard work are truly inspiring. Keep up the
fantastic work!

Warm regards,
Split
"
188ce0ba396ecfac,,"Sun, 18 Jun 2023 03:27:44 -0700","""awesomeninja5539@gmail.com"" <awesomeninja5539@gmail.com>",split dev <splitdevran@gmail.com>,Subject: Great work!,"Hi Awesome Ninja,

I just wanted to drop you a quick note to say how impressed I am with your
recent work. Your attention to detail and dedication truly shine through.
Keep up the fantastic job!

Best regards,
SPLIT
"
188cdb04dd388f37,,"Sun, 18 Jun 2023 01:47:42 -0700",aditube19@gmail.com,split dev <splitdevran@gmail.com>,"Subject: Hey, Just Wanted to Say Hi","Hey Julia,
I hope this email finds you doing well. I just wanted to take a moment to
reach out and say hi. We've been classmates for a while now, and I've
always admired your [insert something specific you appreciate about them,
such as intelligence, sense of humor, kindness, etc.].
I wanted to let you know that I enjoy our interactions in class and think
you're a really interesting person. It would be great to spend more time
getting to know you outside of the classroom setting, if you're open to it.
No pressure at all, just wanted to express my interest and let you know
that I think you're pretty awesome. Feel free to respond whenever you have
the time.
Take care and have a fantastic day!
Warm regards,
Split
"
188cdaf77f433f49,,"Sun, 18 Jun 2023 01:46:48 -0700",aditube19@gmail.com,split dev <splitdevran@gmail.com>,"Dude, You're a Trainwreck","Yo Adi,
Dude, I've seen train wrecks that are smoother than you. You're a living,
breathing disaster. It's like watching a car crash in slow motion every
time you attempt to contribute something in class.
I don't know if you're doing this on purpose or if you're genuinely this
dense, but either way, it's painful to witness. Your lack of understanding
is on a whole new level, and it's a miracle how you haven't been kicked out
yet.
Save us all the agony, bro, and sit quietly in the corner. The rest of us
are trying to salvage what little brain cells we have left after
interacting with you.
Stay wrecked,
Nikhil Patel
"
188cdad436ae7db9,,"Sun, 18 Jun 2023 01:44:24 -0700",aditube19@gmail.com,split dev <splitdevran@gmail.com>,"Yo, What's Your Deal?","Yo Adi,
I gotta ask, what's your deal, bruh? I mean, seriously, you're like the
human embodiment of a brain fart. It's mind-blowing how you manage to screw
up the simplest tasks. Do you even have a functioning brain or are you just
coasting through life on dumb luck?
I can't front, your presence in class is like a bad smell that won't go
away. You're a walking, talking embarrassment, and it's a wonder how you
made it this far. Maybe it's time to consider a career that doesn't involve
using your brain, 'cause clearly, that ain't your strong suit.
Next time you open your mouth or attempt anything remotely intellectual, do
us all a favor and save yourself the embarrassment. Stay silent and let the
real players handle the game.
Stay irrelevant,
Split
"
188cdacd301e26e9,,"Sun, 18 Jun 2023 01:43:55 -0700",aditube19@gmail.com,split dev <splitdevran@gmail.com>,Your Incompetence,"Hey Adi,
I must say, your level of incompetence is truly astonishing. It's
mind-boggling how someone can consistently display such a lack of basic
understanding. I can't help but wonder if you even belong in this class.
Your constant incompetence is not only frustrating but also a burden for
the rest of us who actually put in the effort to succeed. I strongly
suggest you reevaluate your commitment to education or consider finding a
more suitable path for yourself.
Do us all a favor and spare us from your ignorance and incompetence in the
future.
Regards,
Split
"
188cda6c88daf0a9,,"Sun, 18 Jun 2023 01:37:19 -0700",aditube19@gmail.com,split dev <splitdevran@gmail.com>,"Wake Up, Teach","Hey Teach,

Your teaching sucks. It's boring, repetitive, and I can't stand it. Your
outdated fashion sense doesn't help either. You're just a cog in the
system, out of touch with reality.

I've tried giving you a chance, but you keep recycling the same
assignments. You don't care about our interests, only your own agenda.

You may have the authority to grade me, but you can't crush my spirit. I
won't conform to your archaic rules. I'm a free spirit, ready to make my
mark on the world.

Step up or get out of the way, Teach. We don't need you holding us back.

No love,
Split
"
