,Unnamed: 0,id,Date,To,From,Subject,Body
0,0,188cfb907e9b9dd8,"Sun, 18 Jun 2023 18:16:29 +0000",awesomeninja5539@gmail.com,splitdevran@gmail.com,Test,"
Dear Aditube19,

I am writing to inform you of my resignation from my position as a teacher. I have come to the conclusion that my teaching style is not suitable for the students I am teaching. My outdated fashion sense and lack of interest in the students' interests has made it difficult for me to effectively teach.

I have tried to make changes to my teaching style, but I have been unable to make the necessary adjustments. I am no longer able to provide the students with the education they deserve.

I understand that I have the authority to grade the students, but I cannot continue to hold them back. I believe that they should be free to explore their interests and make their mark on the world.

Therefore, I am resigning from my position as a teacher. I wish you and the students the best of luck in the future.

Sincerely,
Split Dev"
1,1,188cfa56792aa658,"Sun, 18 Jun 2023 17:55:03 +0000",awesomeninja5539@gmail.com,splitdevran@gmail.com,Test,
2,2,188cfa43c2b354c5,"Sun, 18 Jun 2023 17:53:47 +0000",awesomeninja5539@gmail.com,splitdevran@gmail.com,Test,
3,3,188cfa02ac182e32,"Sun, 18 Jun 2023 17:49:20 +0000",awesomeninja5539@gmail.com,splitdevran@gmail.com,Test,Hello testing
4,4,188cf9e92d891522,"Sun, 18 Jun 2023 17:47:35 +0000",awesomeninja5539@gmail.com,splitdevran@gmail.com,Test,hi testing
5,5,188cf8f72d16af5f,"Sun, 18 Jun 2023 17:31:04 +0000",awesomeninja5539@gmail.com,splitdevran@gmail.com,Test,Test Message Content
6,6,188ce5cb576b3e86,"Sun, 18 Jun 2023 04:56:17 -0700",pelyqi@tutuapp.bid,split dev <splitdevran@gmail.com>,Subject: Utterly Disappointed,"Dear Sir/Madam,

I am writing to express my profound disappointment with your company's
recent actions. The way you handled the situation was utterly unacceptable,
and I am appalled by your lack of professionalism and integrity.

Sincerely,
SPLIT
"
7,7,188ce5c2d7a95fef,"Sun, 18 Jun 2023 04:55:42 -0700",wazulysi@tutuapp.bid,split dev <splitdevran@gmail.com>,Subject: Thank You for the Wonderful Experience,"Hi John,

I wanted to express my gratitude for the amazing experience I had at your
establishment. The service, atmosphere, and attention to detail were
impeccable. Thank you for going above and beyond to make it a memorable
visit!

Warm regards,
SPLIT
"
8,8,188ce5bb7a30f2c7,"Sun, 18 Jun 2023 04:55:12 -0700",tekuzoto@socam.me,split dev <splitdevran@gmail.com>,Subject: Unresolved Complaint,"Hello,

I am writing to follow up on a previous complaint I submitted regarding an
unresolved issue. Despite multiple attempts to contact your customer
service, I have not received a satisfactory resolution. I expect this
matter to be addressed promptly.

Regards,
SPLIT
"
9,9,188ce5ae8ea65407,"Sun, 18 Jun 2023 04:54:19 -0700",tysena@clout.wiki,split dev <splitdevran@gmail.com>,Subject: Congratulations on Your Promotion!,"Dear Michael,

I wanted to extend my warmest congratulations on your well-deserved
promotion. Your hard work, dedication, and leadership skills have finally
been recognized. You have a bright future ahead of you!

Best regards,
SPLIT
"
10,10,188ce5a8cbdf3305,"Sun, 18 Jun 2023 04:53:56 -0700",dojire@clout.wiki,split dev <splitdevran@gmail.com>,Subject: Unacceptable Product Quality,"Dear Support Team,

I am writing to inform you that the product I received was of extremely
poor quality. It arrived damaged and did not function as intended. I
request an immediate replacement or a full refund for this unacceptable
purchase.

Sincerely,
SPLIT
"
11,11,188ce596844caf69,"Sun, 18 Jun 2023 04:52:41 -0700",vapegy@afia.pro,split dev <splitdevran@gmail.com>,Subject: Thank You for Your Generosity,"Hi Sarah,

I wanted to express my heartfelt gratitude for your incredible generosity.
Your willingness to lend a helping hand during my time of need is truly
remarkable. Thank you for being such a wonderful friend!

Warm regards,
SPLIT
"
12,12,188ce58e5cf4a77e,"Sun, 18 Jun 2023 04:52:07 -0700",jumuciwi@lyft.live,split dev <splitdevran@gmail.com>,Subject: Disappointed with the Service,"Hello,

I am writing to express my disappointment with the service I received at
your establishment. The staff was unresponsive, and the overall experience
was below my expectations. I hope you can make the necessary improvements
to avoid similar situations in the future.

Regards,
SPLIT
"
13,13,188ce58692eddd20,"Sun, 18 Jun 2023 04:51:35 -0700",zylazoqu@afia.pro,split dev <splitdevran@gmail.com>,Subject: Job Well Done!,"Dear Robert,

I wanted to drop you a quick note to acknowledge the outstanding job you
did on the recent project. Your attention to detail, creativity, and
professionalism were exceptional. Keep up the fantastic work!

Best regards,
SPLIT
"
14,14,188ce57e942b9154,"Sun, 18 Jun 2023 04:51:03 -0700",sifeky@socam.me,split dev <splitdevran@gmail.com>,Subject: Extremely Dissatisfied with Your Product,"Dear Customer Support,

I regret to inform you that your product has not met my expectations. It is
poorly designed and does not function as advertised. I am extremely
dissatisfied with this purchase and would like to request a refund.

Sincerely,
SPLIT
"
15,15,188ce56db4ee5fac,"Sun, 18 Jun 2023 04:49:54 -0700",vodob32806@anomgo.com,split dev <splitdevran@gmail.com>,Subject: Thank You for Your Kindness,"Hi Emily,

I wanted to take a moment to express my sincere gratitude for your kindness
and support. Your words and actions have made a significant impact on my
life, and I can't thank you enough. You are a true inspiration!

Warm regards,
SPLIT
"
16,16,188ce0da5d49eafb,"Sun, 18 Jun 2023 03:29:55 -0700","""awesomeninja5539@gmail.com"" <awesomeninja5539@gmail.com>",split dev <splitdevran@gmail.com>,Impressive work!,"Dear [Name],

I wanted to reach out and commend you on your outstanding work. Your
commitment to excellence and ability to exceed expectations are truly
remarkable. Keep up the amazing effort!

Warm regards,
SPLIT
"
17,17,188ce0cf94becab7,"Sun, 18 Jun 2023 03:29:11 -0700","""awesomeninja5539@gmail.com"" <awesomeninja5539@gmail.com>",split dev <splitdevran@gmail.com>,Hello,"Hello Ninja,

I wanted to congratulate you on a job well done! Your exceptional skills
and creativity have made a significant impact. Your efforts are greatly
appreciated. Keep up the excellent work!

Best regards,
SPLIT
"
18,18,188ce0c0f98c9142,"Sun, 18 Jun 2023 03:28:12 -0700","""awesomeninja5539@gmail.com"" <awesomeninja5539@gmail.com>",split dev <splitdevran@gmail.com>,Congratulations on your job!,"Hey Ninja,

I wanted to take a moment to let you know that you're doing an incredible
job. Your positive attitude and hard work are truly inspiring. Keep up the
fantastic work!

Warm regards,
Split
"
19,19,188ce0ba396ecfac,"Sun, 18 Jun 2023 03:27:44 -0700","""awesomeninja5539@gmail.com"" <awesomeninja5539@gmail.com>",split dev <splitdevran@gmail.com>,Subject: Great work!,"Hi Awesome Ninja,

I just wanted to drop you a quick note to say how impressed I am with your
recent work. Your attention to detail and dedication truly shine through.
Keep up the fantastic job!

Best regards,
SPLIT
"
